Match_no,Year,Match_Between,Team_Innings,Batsman_Name,Batting_Position,Dismissal,Runs,Balls,4s,6s,Strike_Rate
1,2022,Australia vs India,India,Rohit Sharma,1,lbw b Josh Hazlewood,4,6,0,0,17.16
1,2020,Australia vs India,India,Ishan Kishan,2,c Cameron Green b Mitchell Starc,6,1,0,0,11.44
1,2023,Australia vs India,India,Virat Kohli,3,c Marnus Labuschagne b Josh Hazlewood,85,116,6,0,97.18
1,2025,Australia vs India,India,Shreyas Iyer,4,c David Warner b Josh Hazlewood,2,3,0,0,14.71
1,2026,Australia vs India,India,KL Rahul,5,not out,97,115,8,2,99.15
1,2024,Australia vs India,India,Hardik Pandya,6,not out,8,8,0,1,15.24
2,2022,Australia vs India,India,Rohit Sharma,1,lbw b Josh Hazlewood,3,6,0,0,13.11
2,2026,Australia vs India,India,Ishan Kishan,2,c Cameron Green b Mitchell Starc,7,1,0,0,16.53
2,2022,Australia vs India,India,Virat Kohli,3,c Marnus Labuschagne b Josh Hazlewood,85,116,6,0,94.85
2,2022,Australia vs India,India,Shreyas Iyer,4,c David Warner b Josh Hazlewood,0,3,0,0,0.0
2,2022,Australia vs India,India,KL Rahul,5,not out,97,115,8,2,95.06
2,2026,Australia vs India,India,Hardik Pandya,6,not out,9,8,0,1,13.65
5,2026,Australia vs India,India,Rohit Sharma,1,lbw b Josh Hazlewood,2,6,0,0,10.42
5,2023,Australia vs India,India,Ishan Kishan,2,c Cameron Green b Mitchell Starc,0,1,0,0,0.0
5,2026,Australia vs India,India,Virat Kohli,3,c Marnus Labuschagne b Josh Hazlewood,85,116,6,0,94.99
5,2021,Australia vs India,India,Shreyas Iyer,4,c David Warner b Josh Hazlewood,5,3,0,0,10.35
5,2023,Australia vs India,India,KL Rahul,5,not out,97,115,8,2,99.44
5,2020,Australia vs India,India,Hardik Pandya,6,not out,8,8,0,1,19.08
9,2024,Afghanistan vs India,India,Rohit Sharma,1,b Rashid Khan,131,84,16,5,155.95
9,2023,Afghanistan vs India,India,Ishan Kishan,2,c Ibrahim Zadran b Rashid Khan,45,47,5,2,34.54
9,2023,Afghanistan vs India,India,Virat Kohli,3,not out,53,56,6,0,49.85
9,2026,Afghanistan vs India,India,Shreyas Iyer,4,not out,29,23,1,1,30.0
12,2020,Pakistan vs India,India,Rohit Sharma,1,c Iftikhar Ahmed b Shaheen Afridi,49,63,6,6,37.75
12,2026,Pakistan vs India,India,Shubman Gill,2,c Shadab Khan b Shaheen Afridi,16,11,4,0,19.22
12,2026,Pakistan vs India,India,Virat Kohli,3,c Mohammad Nawaz b Hasan Ali,14,18,3,0,12.08
12,2026,Pakistan vs India,India,Shreyas Iyer,4,not out,40,62,3,2,35.58
12,2021,Pakistan vs India,India,KL Rahul,5,not out,35,29,2,0,30.0
17,2024,Bangladesh vs India,India,Rohit Sharma,1,c Towhid Hridoy b Hasan Mahmud,29,40,7,2,30.0
17,2024,Bangladesh vs India,India,Shubman Gill,2,c Mahmudullah b Mehidy Hasan Miraz,57,55,5,2,41.49
17,2021,Bangladesh vs India,India,Virat Kohli,3,not out,103,97,6,4,106.19
17,2025,Bangladesh vs India,India,Shreyas Iyer,4,c Mahmudullah b Mehidy Hasan Miraz,27,25,2,0,30.0
17,2026,Bangladesh vs India,India,KL Rahul,5,not out,35,34,3,1,30.0
21,2022,New Zealand vs India,India,Rohit Sharma,1,b Lockie Ferguson,29,40,4,4,30.0
21,2026,New Zealand vs India,India,Shubman Gill,2,c Daryl Mitchell b Lockie Ferguson,30,31,5,0,30.0
21,2021,New Zealand vs India,India,Virat Kohli,3,c Glenn Phillips b Matt Henry,95,104,8,2,97.22
21,2023,New Zealand vs India,India,Shreyas Iyer,4,c Devon Conway b Trent Boult,31,29,6,0,30.0
21,2026,New Zealand vs India,India,KL Rahul,5,lbw b Mitchell Santner,26,35,3,0,30.0
21,2024,New Zealand vs India,India,Suryakumar Yadav,6,run out (Mitchell Santner/Trent Boult/Tom Latham),1,4,0,0,12.41
21,2021,New Zealand vs India,India,Ravindra Jadeja,7,not out,61,44,3,1,74.09
21,2021,New Zealand vs India,India,Mohammed Shami,8,not out,5,1,0,0,14.97
29,2023,India vs England,India,Rohit Sharma,1,c Liam Livingstone b Adil Rashid,87,101,10,3,92.03
29,2020,India vs England,India,Shubman Gill,2,b Chris Woakes,17,13,1,0,10.64
29,2026,India vs England,India,Virat Kohli,3,c Ben Stokes b David Willey,6,9,0,0,12.7
29,2021,India vs England,India,Shreyas Iyer,4,c Mark Wood b Chris Woakes,24,16,0,0,30.0
29,2021,India vs England,India,KL Rahul,5,c Jonny Bairstow b David Willey,54,58,3,0,41.7
29,2024,India vs England,India,Suryakumar Yadav,6,c Chris Woakes b David Willey,50,47,4,1,35.0
29,2021,India vs England,India,Ravindra Jadeja,7,lbw b Adil Rashid,12,13,0,0,15.06
29,2020,India vs England,India,Mohammed Shami,8,c Jos Buttler b Mark Wood,6,5,0,0,18.65
29,2022,India vs England,India,Jasprit Bumrah,9,run out Jos Buttler,27,25,1,0,30.0
29,2022,India vs England,India,Kuldeep Yadav,10,not out,16,13,1,0,16.17
33,2024,India vs Sri Lanka,India,Rohit Sharma,1,b Dilshan Madushanka,10,2,1,0,18.76
33,2021,India vs Sri Lanka,India,Shubman Gill,2,c Kusal Mendis b Dilshan Madushanka,92,92,11,2,97.03
33,2023,India vs Sri Lanka,India,Virat Kohli,3,c Pathum Nissanka b Dilshan Madushanka,88,94,11,0,93.27
33,2025,India vs Sri Lanka,India,Shreyas Iyer,4,c Maheesh Theekshana b Dilshan Madushanka,40,56,3,6,42.16
33,2021,India vs Sri Lanka,India,KL Rahul,5,c Dushan Hemantha b Dushmantha Chameera,17,19,2,0,10.82
33,2022,India vs Sri Lanka,India,Suryakumar Yadav,6,c Kusal Mendis b Dilshan Madushanka,9,9,2,0,16.62
33,2024,India vs Sri Lanka,India,Ravindra Jadeja,7,run out (Sadeera Samarawickrama/Kusal Mendis),28,24,1,1,30.0
33,2020,India vs Sri Lanka,India,Mohammed Shami,8,run out (Kusal Mendis/Kusal Mendis),1,4,0,0,12.52
33,2026,India vs Sri Lanka,India,Jasprit Bumrah,9,not out,9,1,0,0,17.92
37,2023,India vs South Africa,India,Rohit Sharma,1,c Temba Bavuma b Kagiso Rabada,28,24,6,2,30.0
37,2026,India vs South Africa,India,Shubman Gill,2,b Keshav Maharaj,35,24,4,1,30.0
37,2021,India vs South Africa,India,Virat Kohli,3,not out,101,121,10,0,83.47
37,2023,India vs South Africa,India,Shreyas Iyer,4,c Aiden Markram b Lungi Ngidi,77,87,7,2,67.95
37,2020,India vs South Africa,India,KL Rahul,5,c Rassie van der Dussen b Marco Jansen,14,17,0,0,13.16
37,2021,India vs South Africa,India,Suryakumar Yadav,6,c Quinton de Kock b Tabraiz Shamsi,16,14,5,0,16.16
37,2026,India vs South Africa,India,Ravindra Jadeja,7,not out,19,15,3,1,15.69
45,2023,India vs Netherlands,India,Rohit Sharma,1,c Wesley Barresi b Bas de Leede,41,54,8,2,42.98
45,2026,India vs Netherlands,India,Shubman Gill,2,c Teja Nidamanuru b Paul van Meekeren,30,32,3,4,30.0
45,2022,India vs Netherlands,India,Virat Kohli,3,b Roelof van der Merwe,62,56,5,1,61.77
45,2022,India vs Netherlands,India,Shreyas Iyer,4,not out,128,94,10,5,136.17
45,2025,India vs Netherlands,India,KL Rahul,5,c Sybrand Engelbrecht b Bas de Leede,47,64,11,4,48.51
45,2024,India vs Netherlands,India,Suryakumar Yadav,6,not out,4,1,0,0,12.19
46,2021,India vs New Zealand,India,Rohit Sharma,1,c Kane Williamson b Tim Southee,29,29,4,4,30.0
46,2021,India vs New Zealand,India,Shubman Gill,2,not out,48,66,8,3,45.4
46,2026,India vs New Zealand,India,Virat Kohli,3,c Devon Conway b Tim Southee,117,113,9,2,103.54
46,2026,India vs New Zealand,India,Shreyas Iyer,4,c Daryl Mitchell b Trent Boult,49,70,4,8,45.55
46,2022,India vs New Zealand,India,KL Rahul,5,not out,13,20,5,2,15.09
46,2021,India vs New Zealand,India,Suryakumar Yadav,6,c Glenn Phillips b Tim Southee,1,2,0,0,19.54
48,2024,India vs Australia,India,Rohit Sharma,1,c Travis Head b Glenn Maxwell,33,31,4,3,30.0
48,2023,India vs Australia,India,Shubman Gill,2,c Adam Zampa b Mitchell Starc,2,7,0,0,16.82
48,2023,India vs Australia,India,Virat Kohli,3,b Pat Cummins,65,63,4,0,66.4
48,2024,India vs Australia,India,Shreyas Iyer,4,c Josh Inglis b Pat Cummins,9,3,1,0,16.47
48,2025,India vs Australia,India,KL Rahul,5,c Josh Inglis b Mitchell Starc,66,107,1,0,70.16
48,2022,India vs Australia,India,Ravindra Jadeja,6,c Josh Inglis b Josh Hazlewood,31,22,0,0,30.0
48,2022,India vs Australia,India,Suryakumar Yadav,7,c Josh Inglis b Josh Hazlewood,33,28,1,0,30.0
48,2020,India vs Australia,India,Mohammed Shami,8,c Josh Inglis b Mitchell Starc,4,10,1,0,12.97
48,2026,India vs Australia,India,Jasprit Bumrah,9,lbw b Adam Zampa,1,3,0,0,19.36
48,2024,India vs Australia,India,Kuldeep Yadav,10,run out (Marnus Labuschagne/Pat Cummins),22,18,0,0,30.0
48,2023,India vs Australia,India,Mohammed Siraj,11,not out,9,8,1,0,14.05
49,2024,India vs Random XI,India,Hardik Pandya,2,Caught,47,49,1,3,46.77
50,2022,India vs Random XI,India,KL Rahul,7,Stumped,54,56,15,4,33.19
51,2024,India vs Random XI,India,Yuvraj Singh,10,Run Out,102,153,12,1,66.67
52,2025,India vs Random XI,India,Sachin Tendulkar,3,Stumped,172,165,0,0,104.24
53,2020,India vs Random XI,India,Shubman Gill,2,Bowled,36,87,4,4,30.0
54,2025,India vs Random XI,India,Hardik Pandya,11,Not Out,124,133,6,0,93.23
55,2020,India vs Random XI,India,Hardik Pandya,10,Stumped,122,114,0,8,107.02
56,2023,India vs Random XI,India,Shubman Gill,10,Stumped,135,181,17,2,74.59
57,2025,India vs Random XI,India,Sourav Ganguly,5,LBW,55,56,4,2,36.87
58,2021,India vs Random XI,India,MS Dhoni,5,LBW,151,210,19,10,71.9
59,2025,India vs Random XI,India,MS Dhoni,6,Stumped,60,51,5,3,75.15
60,2024,India vs Random XI,India,Virat Kohli,9,Caught,120,180,17,8,66.67
61,2021,India vs Random XI,India,Ravindra Jadeja,8,Run Out,78,93,16,5,64.69
62,2022,India vs Random XI,India,Hardik Pandya,11,LBW,65,65,11,8,66.72
63,2022,India vs Random XI,India,Ravindra Jadeja,7,Not Out,29,87,1,3,30.0
64,2024,India vs Random XI,India,Sourav Ganguly,5,Not Out,172,225,18,7,76.44
65,2022,India vs Random XI,India,Sourav Ganguly,4,Bowled,93,152,12,8,98.8
66,2022,India vs Random XI,India,Ravindra Jadeja,8,Not Out,58,105,9,0,49.45
67,2025,India vs Random XI,India,Sourav Ganguly,10,Run Out,95,103,7,0,99.84
68,2025,India vs Random XI,India,Ravindra Jadeja,3,Stumped,160,205,3,2,78.05
69,2026,India vs Random XI,India,Sourav Ganguly,10,Bowled,66,60,5,8,69.75
70,2023,India vs Random XI,India,Shubman Gill,2,LBW,90,145,4,2,97.11
71,2021,India vs Random XI,India,Sachin Tendulkar,9,Bowled,93,118,11,4,95.72
72,2026,India vs Random XI,India,MS Dhoni,11,Run Out,57,52,2,1,47.89
73,2022,India vs Random XI,India,Ravindra Jadeja,2,Caught,66,45,5,0,67.89
74,2025,India vs Random XI,India,Sachin Tendulkar,7,Stumped,27,21,1,1,30.0
75,2026,India vs Random XI,India,Sourav Ganguly,5,Bowled,66,53,2,8,60.45
76,2024,India vs Random XI,India,Hardik Pandya,11,LBW,78,103,17,9,73.43
77,2022,India vs Random XI,India,Hardik Pandya,2,Stumped,30,37,3,0,30.0
78,2025,India vs Random XI,India,MS Dhoni,4,Run Out,125,110,3,1,113.64
79,2021,India vs Random XI,India,Yuvraj Singh,4,Caught,61,99,1,4,73.11
80,2022,India vs Random XI,India,Shubman Gill,4,Bowled,62,67,2,2,64.05
81,2025,India vs Random XI,India,Virat Kohli,10,Bowled,8,1,0,0,18.24
82,2024,India vs Random XI,India,Sachin Tendulkar,3,LBW,100,159,20,3,90.54
83,2026,India vs Random XI,India,Virat Kohli,8,Run Out,31,71,3,0,30.0
84,2023,India vs Random XI,India,Virat Kohli,8,Caught,28,31,4,5,30.0
85,2020,India vs Random XI,India,Hardik Pandya,7,Bowled,51,54,0,1,48.9
86,2026,India vs Random XI,India,Ravindra Jadeja,11,Not Out,102,129,6,3,79.07
87,2022,India vs Random XI,India,Rohit Sharma,6,LBW,119,102,16,5,116.67
88,2021,India vs Random XI,India,Rohit Sharma,8,LBW,103,162,20,2,63.58
89,2021,India vs Random XI,India,Virat Kohli,6,Not Out,52,70,2,3,45.02
90,2024,India vs Random XI,India,Sourav Ganguly,7,Stumped,48,44,2,1,49.7
91,2022,India vs Random XI,India,Rohit Sharma,11,Caught,56,82,5,8,37.03
92,2021,India vs Random XI,India,Shubman Gill,6,LBW,64,98,3,1,65.78
93,2026,India vs Random XI,India,KL Rahul,4,Stumped,81,101,10,1,97.62
94,2023,India vs Random XI,India,Yuvraj Singh,6,LBW,115,150,0,0,76.67
95,2020,India vs Random XI,India,Sachin Tendulkar,1,Stumped,79,114,0,4,73.88
96,2021,India vs Random XI,India,Sourav Ganguly,4,Run Out,2,1,0,0,11.99
97,2020,India vs Random XI,India,Rohit Sharma,1,Run Out,84,139,15,8,94.72
98,2025,India vs Random XI,India,Ravindra Jadeja,3,Not Out,130,176,10,3,73.86
99,2022,India vs Random XI,India,Rohit Sharma,3,Stumped,127,151,3,10,84.11
100,2021,India vs Random XI,India,Yuvraj Singh,6,Stumped,84,89,15,10,91.9
101,2022,India vs Random XI,India,MS Dhoni,3,Run Out,138,168,1,7,82.14
102,2023,India vs Random XI,India,Hardik Pandya,1,Stumped,103,141,12,0,73.05
103,2021,India vs Random XI,India,Hardik Pandya,11,Bowled,83,120,2,1,98.62
104,2020,India vs Random XI,India,Sachin Tendulkar,6,Bowled,178,223,17,10,79.82
105,2020,India vs Random XI,India,Rohit Sharma,5,Not Out,20,15,5,4,30.0
106,2020,India vs Random XI,India,Sachin Tendulkar,10,Caught,167,204,0,6,81.86
107,2025,India vs Random XI,India,Hardik Pandya,4,Not Out,146,127,7,3,114.96
108,2026,India vs Random XI,India,Shubman Gill,10,Run Out,32,37,3,0,30.0
109,2023,India vs Random XI,India,Yuvraj Singh,11,LBW,165,199,7,10,82.91
110,2024,India vs Random XI,India,Ravindra Jadeja,8,Caught,175,204,14,10,85.78
111,2025,India vs Random XI,India,Rohit Sharma,7,Caught,65,59,10,3,73.69
112,2021,India vs Random XI,India,Hardik Pandya,9,Bowled,99,125,10,7,99.64
113,2023,India vs Random XI,India,Hardik Pandya,4,Bowled,170,172,16,1,98.84
114,2024,India vs Random XI,India,Rohit Sharma,9,Bowled,121,145,8,2,83.45
115,2020,India vs Random XI,India,Virat Kohli,4,Bowled,90,128,11,2,91.36
116,2023,India vs Random XI,India,Virat Kohli,7,Run Out,57,64,1,6,46.31
117,2024,India vs Random XI,India,Yuvraj Singh,5,Run Out,133,153,20,10,86.93
118,2021,India vs Random XI,India,KL Rahul,9,Not Out,117,99,18,8,118.18
119,2022,India vs Random XI,India,Sachin Tendulkar,9,Stumped,10,1,0,0,10.72
120,2022,India vs Random XI,India,Shubman Gill,10,Not Out,143,157,6,9,91.08
121,2021,India vs Random XI,India,Sachin Tendulkar,5,Caught,131,135,9,4,97.04
122,2026,India vs Random XI,India,Virat Kohli,11,Stumped,105,122,1,3,86.07
123,2023,India vs Random XI,India,Hardik Pandya,8,Stumped,25,38,4,0,30.0
124,2024,India vs Random XI,India,Yuvraj Singh,11,Not Out,67,53,0,0,63.25
125,2025,India vs Random XI,India,Ravindra Jadeja,3,Stumped,22,13,1,0,30.0
126,2021,India vs Random XI,India,Sachin Tendulkar,9,LBW,172,161,17,8,106.83
127,2023,India vs Random XI,India,Yuvraj Singh,4,Run Out,17,75,0,2,15.31
128,2025,India vs Random XI,India,Shubman Gill,9,Caught,149,185,4,10,80.54
129,2024,India vs Random XI,India,Yuvraj Singh,8,Caught,121,146,15,10,82.88
130,2025,India vs Random XI,India,Yuvraj Singh,2,Run Out,133,163,14,0,81.6
131,2024,India vs Random XI,India,Shubman Gill,11,Stumped,29,24,5,6,30.0
132,2023,India vs Random XI,India,Sourav Ganguly,6,Stumped,70,119,2,4,76.59
133,2023,India vs Random XI,India,MS Dhoni,7,Run Out,74,130,16,5,76.8
134,2024,India vs Random XI,India,Shubman Gill,7,Run Out,153,180,19,6,85.0
135,2022,India vs Random XI,India,Yuvraj Singh,8,Run Out,30,28,3,1,30.0
136,2024,India vs Random XI,India,Hardik Pandya,11,Run Out,37,80,9,4,30.0
137,2023,India vs Random XI,India,Ravindra Jadeja,2,Stumped,90,104,13,0,92.95
138,2022,India vs Random XI,India,Virat Kohli,4,Caught,19,11,1,1,13.58
139,2026,India vs Random XI,India,Shubman Gill,9,LBW,55,58,1,5,39.56
140,2021,India vs Random XI,India,Yuvraj Singh,10,Caught,173,182,3,3,95.05
141,2021,India vs Random XI,India,Sachin Tendulkar,7,Stumped,117,175,11,0,66.86
142,2022,India vs Random XI,India,Rohit Sharma,11,Stumped,172,203,6,7,84.73
143,2023,India vs Random XI,India,Hardik Pandya,2,Bowled,51,50,4,4,47.5
144,2025,India vs Random XI,India,MS Dhoni,6,LBW,126,171,7,10,73.68
145,2022,India vs Random XI,India,Yuvraj Singh,8,LBW,173,216,10,7,80.09
146,2021,India vs Random XI,India,KL Rahul,9,Stumped,113,153,20,10,73.86
147,2022,India vs Random XI,India,Rohit Sharma,9,Not Out,74,88,0,6,72.24
148,2022,India vs Random XI,India,Ravindra Jadeja,6,Not Out,176,186,1,7,94.62
149,2022,India vs Random XI,India,Sachin Tendulkar,2,Run Out,68,70,4,7,73.23
150,2023,India vs Random XI,India,Sachin Tendulkar,7,Caught,91,128,3,1,95.51
151,2021,India vs Random XI,India,Rohit Sharma,9,LBW,112,129,17,4,86.82
152,2022,India vs Random XI,India,Sourav Ganguly,4,LBW,69,61,9,6,67.44
153,2025,India vs Random XI,India,MS Dhoni,2,Stumped,88,110,7,8,97.32
154,2025,India vs Random XI,India,KL Rahul,11,Stumped,173,158,1,0,109.49
155,2025,India vs Random XI,India,Hardik Pandya,6,LBW,135,142,10,2,95.07
156,2021,India vs Random XI,India,Yuvraj Singh,3,Bowled,116,145,4,1,80.0
157,2026,India vs Random XI,India,Virat Kohli,1,Run Out,77,135,9,10,61.85
158,2022,India vs Random XI,India,Sachin Tendulkar,11,Stumped,36,72,6,2,30.0
159,2020,India vs Random XI,India,Sachin Tendulkar,1,Caught,58,65,0,6,48.05
160,2022,India vs Random XI,India,MS Dhoni,8,LBW,177,182,9,10,97.25
161,2021,India vs Random XI,India,KL Rahul,3,Not Out,31,25,2,0,30.0
162,2020,India vs Random XI,India,Shubman Gill,3,Bowled,171,217,15,9,78.8
163,2021,India vs Random XI,India,Virat Kohli,9,Bowled,29,79,7,4,30.0
164,2020,India vs Random XI,India,Hardik Pandya,1,Caught,97,96,20,7,94.01
165,2024,India vs Random XI,India,Yuvraj Singh,7,Bowled,93,145,13,5,97.58
166,2021,India vs Random XI,India,Shubman Gill,3,Not Out,169,184,0,1,91.85
167,2022,India vs Random XI,India,Sachin Tendulkar,2,Caught,109,137,16,7,79.56
168,2026,India vs Random XI,India,KL Rahul,2,LBW,104,123,19,8,84.55
169,2022,India vs Random XI,India,Shubman Gill,5,Bowled,63,42,0,0,69.92
170,2026,India vs Random XI,India,Shubman Gill,11,Run Out,179,180,11,2,99.44
171,2020,India vs Random XI,India,Shubman Gill,6,Stumped,24,78,2,0,30.0
172,2025,India vs Random XI,India,MS Dhoni,6,Not Out,176,158,5,4,111.39
173,2022,India vs Random XI,India,Yuvraj Singh,5,Run Out,16,18,1,0,11.46
174,2025,India vs Random XI,India,Shubman Gill,4,Not Out,22,13,3,2,30.0
175,2020,India vs Random XI,India,KL Rahul,5,Stumped,3,1,0,0,13.29
176,2020,India vs Random XI,India,MS Dhoni,4,Caught,145,126,4,8,115.08
177,2021,India vs Random XI,India,MS Dhoni,11,Stumped,164,209,6,0,78.47
178,2021,India vs Random XI,India,Shubman Gill,9,Not Out,86,113,1,7,97.64
179,2021,India vs Random XI,India,Hardik Pandya,3,Caught,44,42,1,0,48.96
180,2021,India vs Random XI,India,Yuvraj Singh,3,Run Out,100,128,4,3,95.46
181,2022,India vs Random XI,India,KL Rahul,4,Caught,48,56,1,1,37.34
182,2023,India vs Random XI,India,MS Dhoni,3,LBW,84,118,4,5,96.25
183,2024,India vs Random XI,India,Yuvraj Singh,1,Caught,180,163,18,10,110.43
184,2020,India vs Random XI,India,Sourav Ganguly,5,LBW,163,167,16,1,97.6
185,2022,India vs Random XI,India,Ravindra Jadeja,10,Caught,45,66,0,2,31.85
186,2024,India vs Random XI,India,Sourav Ganguly,5,LBW,6,1,0,1,16.66
187,2025,India vs Random XI,India,Sachin Tendulkar,10,Not Out,41,41,10,1,41.56
188,2023,India vs Random XI,India,Hardik Pandya,5,Caught,33,30,0,5,30.0
189,2020,India vs Random XI,India,Yuvraj Singh,3,LBW,151,185,5,10,81.62
190,2022,India vs Random XI,India,Sachin Tendulkar,11,Not Out,153,145,3,9,105.52
191,2026,India vs Random XI,India,KL Rahul,4,Bowled,180,200,5,5,90.0
192,2024,India vs Random XI,India,Shubman Gill,7,LBW,118,140,20,4,84.29
193,2024,India vs Random XI,India,Sachin Tendulkar,3,Bowled,72,101,13,9,74.38
194,2024,India vs Random XI,India,Yuvraj Singh,4,Caught,49,51,14,2,41.35
195,2023,India vs Random XI,India,KL Rahul,6,Caught,86,140,2,6,92.64
196,2022,India vs Random XI,India,Hardik Pandya,8,Bowled,174,230,9,2,75.65
197,2024,India vs Random XI,India,MS Dhoni,2,Caught,120,105,18,3,114.29
198,2026,India vs Random XI,India,KL Rahul,1,Bowled,178,177,19,0,100.56
199,2022,India vs Random XI,India,KL Rahul,2,Bowled,161,213,17,7,75.59
200,2026,India vs Random XI,India,Yuvraj Singh,11,Bowled,104,148,15,6,70.27
201,2020,India vs Random XI,India,Sachin Tendulkar,8,LBW,154,180,17,0,85.56
202,2023,India vs Random XI,India,KL Rahul,2,Not Out,42,53,8,6,47.43
203,2023,India vs Random XI,India,Yuvraj Singh,10,Not Out,143,179,9,0,79.89
204,2020,India vs Random XI,India,Sourav Ganguly,6,Stumped,69,54,9,8,76.63
205,2025,India vs Random XI,India,MS Dhoni,4,Not Out,23,13,1,0,30.0
206,2025,India vs Random XI,India,Ravindra Jadeja,9,Not Out,135,178,14,7,75.84
207,2025,India vs Random XI,India,Yuvraj Singh,5,Stumped,35,33,7,2,30.0
208,2023,India vs Random XI,India,MS Dhoni,3,Bowled,116,167,16,2,69.46
209,2022,India vs Random XI,India,Rohit Sharma,2,Caught,158,152,9,0,103.95
210,2026,India vs Random XI,India,Shubman Gill,7,Run Out,128,144,2,6,88.89
211,2026,India vs Random XI,India,Ravindra Jadeja,11,Stumped,171,163,0,9,104.91
212,2021,India vs Random XI,India,Hardik Pandya,9,Not Out,78,117,18,2,60.02
213,2021,India vs Random XI,India,Sachin Tendulkar,4,Caught,142,147,9,0,96.6
214,2025,India vs Random XI,India,Sachin Tendulkar,2,LBW,2,6,3,2,14.47
215,2025,India vs Random XI,India,Ravindra Jadeja,5,Bowled,26,38,2,0,30.0
216,2024,India vs Random XI,India,Virat Kohli,11,LBW,40,88,3,5,48.37
217,2026,India vs Random XI,India,Shubman Gill,8,Bowled,69,115,14,10,74.21
218,2023,India vs Random XI,India,Ravindra Jadeja,11,Stumped,160,143,9,2,111.89
219,2024,India vs Random XI,India,Sachin Tendulkar,9,Caught,68,81,4,8,78.56
220,2026,India vs Random XI,India,MS Dhoni,4,Run Out,52,46,0,4,40.48
221,2025,India vs Random XI,India,Hardik Pandya,1,Caught,168,159,16,8,105.66
222,2026,India vs Random XI,India,Hardik Pandya,11,Bowled,26,35,2,4,30.0
223,2024,India vs Random XI,India,Sachin Tendulkar,5,Bowled,48,73,2,4,32.45
224,2024,India vs Random XI,India,Sachin Tendulkar,7,Stumped,47,63,3,6,31.29
225,2021,India vs Random XI,India,Ravindra Jadeja,9,LBW,64,44,1,2,66.69
226,2023,India vs Random XI,India,Rohit Sharma,9,Caught,107,87,10,9,122.99
227,2022,India vs Random XI,India,MS Dhoni,1,Stumped,61,68,18,4,75.87
228,2026,India vs Random XI,India,Rohit Sharma,4,Stumped,17,16,0,0,13.39
229,2022,India vs Random XI,India,Virat Kohli,8,Not Out,103,133,14,9,77.44
230,2023,India vs Random XI,India,Rohit Sharma,5,LBW,67,56,9,6,69.77
231,2024,India vs Random XI,India,MS Dhoni,1,Not Out,31,36,0,0,30.0
232,2023,India vs Random XI,India,Shubman Gill,3,Not Out,136,135,3,6,100.74
233,2023,India vs Random XI,India,Ravindra Jadeja,4,Caught,60,112,6,4,70.93
234,2025,India vs Random XI,India,Rohit Sharma,2,Bowled,80,99,18,9,93.22
235,2023,India vs Random XI,India,Sourav Ganguly,11,LBW,82,88,9,2,98.47
236,2024,India vs Random XI,India,Sourav Ganguly,5,Run Out,163,166,16,7,98.19
237,2021,India vs Random XI,India,Ravindra Jadeja,9,Caught,29,24,7,1,30.0
238,2025,India vs Random XI,India,Shubman Gill,2,Bowled,115,115,13,9,100.0
239,2025,India vs Random XI,India,Sourav Ganguly,1,LBW,78,78,19,10,62.76
240,2026,India vs Random XI,India,Virat Kohli,2,LBW,61,42,2,4,63.65
241,2021,India vs Random XI,India,KL Rahul,4,Stumped,47,66,3,1,42.29
242,2024,India vs Random XI,India,Sourav Ganguly,2,Not Out,65,53,0,0,70.77
243,2024,India vs Random XI,India,Ravindra Jadeja,3,Bowled,111,97,6,5,114.43
244,2024,India vs Random XI,India,Sachin Tendulkar,3,Run Out,110,112,15,10,98.21
245,2023,India vs Random XI,India,Hardik Pandya,3,Run Out,64,51,0,3,73.39
246,2022,India vs Random XI,India,Virat Kohli,11,Caught,106,150,9,2,70.67
247,2022,India vs Random XI,India,MS Dhoni,9,Bowled,85,122,14,9,97.84
248,2023,India vs Random XI,India,MS Dhoni,10,Stumped,168,148,9,6,113.51
249,2022,India vs Random XI,India,Ravindra Jadeja,6,Run Out,35,36,2,0,30.0
250,2024,India vs Random XI,India,Shubman Gill,3,LBW,119,117,2,5,101.71
251,2023,India vs Random XI,India,Virat Kohli,10,Run Out,123,135,12,3,91.11
252,2024,India vs Random XI,India,Virat Kohli,2,Run Out,120,109,5,1,110.09
253,2020,India vs Random XI,India,MS Dhoni,11,Caught,12,13,0,1,15.78
254,2024,India vs Random XI,India,Hardik Pandya,2,Bowled,33,30,3,0,30.0
255,2026,India vs Random XI,India,Sourav Ganguly,6,LBW,41,63,16,8,39.12
256,2020,India vs Random XI,India,Rohit Sharma,8,Bowled,151,165,6,3,91.52
257,2024,India vs Random XI,India,Sourav Ganguly,8,Stumped,130,159,5,0,81.76
258,2024,India vs Random XI,India,Sourav Ganguly,6,Caught,143,172,0,2,83.14
259,2024,India vs Random XI,India,Sachin Tendulkar,5,Not Out,44,70,0,2,40.79
260,2021,India vs Random XI,India,Virat Kohli,2,Stumped,122,159,16,1,76.73
261,2022,India vs Random XI,India,MS Dhoni,8,Stumped,33,92,6,4,30.0
262,2025,India vs Random XI,India,Sachin Tendulkar,10,Run Out,100,140,11,2,92.05
263,2022,India vs Random XI,India,Sourav Ganguly,1,Bowled,134,181,2,5,74.03
264,2024,India vs Random XI,India,Ravindra Jadeja,5,Bowled,137,133,13,8,103.01
265,2022,India vs Random XI,India,Sachin Tendulkar,9,Not Out,103,121,18,3,85.12
266,2020,India vs Random XI,India,Hardik Pandya,6,Run Out,34,23,3,1,30.0
267,2024,India vs Random XI,India,Virat Kohli,4,Caught,41,69,10,6,47.54
268,2023,India vs Random XI,India,Ravindra Jadeja,4,Not Out,139,127,13,9,109.45
269,2026,India vs Random XI,India,Hardik Pandya,8,Bowled,53,59,4,9,31.42
270,2022,India vs Random XI,India,Hardik Pandya,2,Caught,48,46,0,0,34.94
271,2024,India vs Random XI,India,KL Rahul,4,LBW,167,209,9,6,79.9
272,2024,India vs Random XI,India,Rohit Sharma,4,Stumped,10,5,4,1,11.17
273,2022,India vs Random XI,India,Sachin Tendulkar,6,Stumped,30,38,5,3,30.0
274,2024,India vs Random XI,India,Rohit Sharma,7,Bowled,57,55,12,0,44.48
275,2020,India vs Random XI,India,Rohit Sharma,7,LBW,40,55,3,6,35.2
276,2024,India vs Random XI,India,Shubman Gill,6,Stumped,140,135,13,2,103.7
277,2020,India vs Random XI,India,MS Dhoni,2,LBW,164,207,4,8,79.23
278,2021,India vs Random XI,India,Shubman Gill,5,Caught,174,176,16,9,98.86
279,2023,India vs Random XI,India,Sachin Tendulkar,9,LBW,155,149,13,1,104.03
280,2020,India vs Random XI,India,Hardik Pandya,3,Bowled,151,135,5,2,111.85
281,2024,India vs Random XI,India,Sachin Tendulkar,7,Caught,148,192,3,4,77.08
282,2025,India vs Random XI,India,Ravindra Jadeja,11,Stumped,53,71,13,6,40.06
283,2021,India vs Random XI,India,Sachin Tendulkar,3,Run Out,178,234,1,8,76.07
284,2024,India vs Random XI,India,Hardik Pandya,7,Bowled,94,130,18,7,96.2
285,2022,India vs Random XI,India,KL Rahul,7,LBW,91,86,19,8,96.23
286,2022,India vs Random XI,India,Yuvraj Singh,6,Run Out,175,195,4,3,89.74
287,2021,India vs Random XI,India,Rohit Sharma,7,Bowled,140,195,9,10,71.79
288,2023,India vs Random XI,India,MS Dhoni,1,Stumped,40,50,0,5,49.25
289,2023,India vs Random XI,India,Shubman Gill,8,Bowled,164,171,2,10,95.91
290,2020,India vs Random XI,India,Hardik Pandya,7,Caught,25,26,7,3,30.0
291,2020,India vs Random XI,India,Sourav Ganguly,7,Run Out,129,150,15,4,86.0
292,2023,India vs Random XI,India,Sachin Tendulkar,4,Not Out,69,105,6,5,63.4
293,2020,India vs Random XI,India,Virat Kohli,4,Stumped,159,207,1,7,76.81
294,2022,India vs Random XI,India,Hardik Pandya,5,Bowled,50,76,11,5,38.5
295,2020,India vs Random XI,India,MS Dhoni,10,Caught,40,98,8,3,40.46
296,2024,India vs Random XI,India,KL Rahul,11,Bowled,124,136,18,5,91.18
297,2021,India vs Random XI,India,Hardik Pandya,7,Run Out,118,161,20,9,73.29
298,2025,India vs Random XI,India,Virat Kohli,6,Stumped,55,103,9,3,37.21
299,2021,India vs Random XI,India,Sourav Ganguly,1,LBW,55,57,8,3,39.11
300,2020,India vs Random XI,India,Sourav Ganguly,8,Not Out,155,147,14,9,105.44
301,2021,India vs Random XI,India,Sachin Tendulkar,1,Stumped,42,85,5,6,43.82
302,2021,India vs Random XI,India,Virat Kohli,1,Bowled,40,63,2,5,39.83
303,2024,India vs Random XI,India,Shubman Gill,4,Stumped,143,202,6,1,70.79
304,2020,India vs Random XI,India,Virat Kohli,2,Bowled,25,15,1,1,30.0
305,2026,India vs Random XI,India,Ravindra Jadeja,4,Not Out,126,134,0,7,94.03
306,2021,India vs Random XI,India,Virat Kohli,3,Caught,28,35,0,0,30.0
307,2025,India vs Random XI,India,Hardik Pandya,10,Not Out,178,219,5,2,81.28
308,2025,India vs Random XI,India,Shubman Gill,10,Run Out,25,28,3,5,30.0
309,2024,India vs Random XI,India,Rohit Sharma,7,Caught,180,239,18,0,75.31
310,2024,India vs Random XI,India,Ravindra Jadeja,3,Bowled,159,163,7,5,97.55
311,2020,India vs Random XI,India,MS Dhoni,8,Stumped,10,1,0,0,13.93
312,2022,India vs Random XI,India,Yuvraj Singh,11,Caught,161,192,12,1,83.85
313,2023,India vs Random XI,India,KL Rahul,10,Run Out,33,33,4,1,30.0
314,2024,India vs Random XI,India,Virat Kohli,5,Run Out,153,172,8,4,88.95
315,2024,India vs Random XI,India,KL Rahul,11,Not Out,131,120,16,4,109.17
316,2020,India vs Random XI,India,Sourav Ganguly,1,LBW,120,160,7,5,75.0
317,2024,India vs Random XI,India,MS Dhoni,1,Run Out,85,116,0,0,94.1
318,2026,India vs Random XI,India,Sachin Tendulkar,10,Stumped,114,126,17,5,90.48
319,2023,India vs Random XI,India,Sachin Tendulkar,5,Bowled,56,105,12,2,31.47
320,2020,India vs Random XI,India,Ravindra Jadeja,2,Caught,109,134,0,3,81.34
321,2022,India vs Random XI,India,Yuvraj Singh,10,Run Out,27,39,4,0,30.0
322,2024,India vs Random XI,India,MS Dhoni,9,Not Out,126,169,12,3,74.56
323,2020,India vs Random XI,India,Shubman Gill,7,Stumped,42,93,7,6,36.48
324,2023,India vs Random XI,India,Ravindra Jadeja,1,Bowled,6,6,0,1,14.62
325,2020,India vs Random XI,India,Hardik Pandya,3,Bowled,24,75,1,2,30.0
326,2024,India vs Random XI,India,Sachin Tendulkar,11,Bowled,149,160,8,2,93.12
327,2021,India vs Random XI,India,Rohit Sharma,9,Bowled,180,211,3,3,85.31
328,2020,India vs Random XI,India,Shubman Gill,9,Bowled,99,81,14,9,93.44
329,2021,India vs Random XI,India,Ravindra Jadeja,5,Bowled,153,187,10,10,81.82
330,2021,India vs Random XI,India,Sachin Tendulkar,3,Stumped,56,67,4,3,42.43
331,2024,India vs Random XI,India,MS Dhoni,2,Stumped,5,4,5,1,11.03
332,2024,India vs Random XI,India,KL Rahul,7,Bowled,153,168,2,9,91.07
333,2026,India vs Random XI,India,Hardik Pandya,8,Caught,110,148,0,5,74.32
334,2022,India vs Random XI,India,Sachin Tendulkar,6,Run Out,124,110,9,0,112.73
335,2022,India vs Random XI,India,Virat Kohli,1,LBW,31,32,11,3,30.0
336,2025,India vs Random XI,India,Sourav Ganguly,10,Stumped,9,3,2,0,15.32
337,2020,India vs Random XI,India,Virat Kohli,8,Bowled,60,66,5,5,78.94
338,2023,India vs Random XI,India,KL Rahul,7,Stumped,61,63,1,2,68.06
339,2026,India vs Random XI,India,Sachin Tendulkar,6,Bowled,163,188,2,3,86.7
340,2020,India vs Random XI,India,Ravindra Jadeja,10,Run Out,58,80,2,0,39.56
341,2026,India vs Random XI,India,Shubman Gill,9,Run Out,85,83,6,10,94.23
342,2024,India vs Random XI,India,Sachin Tendulkar,10,Run Out,74,131,16,10,70.8
343,2024,India vs Random XI,India,Shubman Gill,6,Run Out,81,130,7,3,92.99
344,2026,India vs Random XI,India,MS Dhoni,1,Run Out,119,105,0,8,113.33
345,2020,India vs Random XI,India,MS Dhoni,6,Bowled,130,136,16,4,95.59
346,2021,India vs Random XI,India,Virat Kohli,10,Not Out,99,159,2,0,94.17
347,2024,India vs Random XI,India,Yuvraj Singh,6,Stumped,64,82,13,7,64.64
348,2025,India vs Random XI,India,Rohit Sharma,10,Run Out,50,56,8,3,41.89
349,2021,India vs Random XI,India,Rohit Sharma,2,Stumped,68,48,13,2,71.96
350,2023,India vs Random XI,India,Suryakumar Yadav,3,Stumped,5,104,1,3,12.45
351,2026,India vs Random XI,India,KL Rahul,3,Stumped,82,98,8,9,95.89
352,2026,India vs Random XI,India,Rohit Sharma,7,Bowled,119,142,0,10,83.8
353,2024,India vs Random XI,India,Shreyas Iyer,3,Bowled,47,54,8,5,31.65
354,2024,India vs Random XI,India,KL Rahul,7,Bowled,27,39,5,0,30.0
355,2026,India vs Random XI,India,Virat Kohli,7,Caught,27,109,15,3,30.0
356,2022,India vs Random XI,India,Hardik Pandya,3,Bowled,93,116,2,4,93.6
357,2023,India vs Random XI,India,Suryakumar Yadav,2,Caught,68,43,7,10,61.76
358,2021,India vs Random XI,India,Rishabh Pant,5,Caught,13,16,5,1,19.86
359,2021,India vs Random XI,India,Shreyas Iyer,3,LBW,27,31,13,7,30.0
360,2022,India vs Random XI,India,Hardik Pandya,4,Caught,116,84,10,6,138.1
361,2022,India vs Random XI,India,Shreyas Iyer,6,Not Out,64,55,0,1,70.6
362,2020,India vs Random XI,India,Rishabh Pant,2,Caught,56,68,9,6,30.23
363,2021,India vs Random XI,India,Shubman Gill,3,LBW,65,136,5,7,71.2
364,2020,India vs Random XI,India,Suryakumar Yadav,1,Stumped,52,135,8,3,36.68
365,2023,India vs Random XI,India,Hardik Pandya,5,Run Out,104,91,4,6,114.29
366,2022,India vs Random XI,India,Virat Kohli,2,Run Out,27,136,9,1,30.0
367,2024,India vs Random XI,India,KL Rahul,2,Not Out,25,109,15,4,30.0
368,2021,India vs Random XI,India,Suryakumar Yadav,4,Stumped,27,30,9,6,30.0
369,2021,India vs Random XI,India,Shubman Gill,5,Run Out,27,75,14,1,30.0
370,2023,India vs Random XI,India,KL Rahul,1,LBW,140,159,5,1,88.05
371,2022,India vs Random XI,India,Rishabh Pant,7,Bowled,108,143,4,5,75.52
372,2026,India vs Random XI,India,Suryakumar Yadav,7,Bowled,14,13,13,6,15.9
373,2024,India vs Random XI,India,KL Rahul,7,Caught,8,104,10,0,19.63
374,2021,India vs Random XI,India,KL Rahul,4,LBW,30,30,0,3,30.0
375,2025,India vs Random XI,India,Hardik Pandya,7,Bowled,8,10,2,8,19.01
376,2022,India vs Random XI,India,KL Rahul,5,Not Out,33,40,10,0,30.0
377,2020,India vs Random XI,India,Rohit Sharma,1,Not Out,27,28,4,4,30.0
378,2021,India vs Random XI,India,Shubman Gill,4,Stumped,52,146,7,3,49.29
379,2026,India vs Random XI,India,Shubman Gill,2,Stumped,28,32,3,2,30.0
380,2026,India vs Random XI,India,Suryakumar Yadav,1,Stumped,33,71,12,2,30.0
381,2023,India vs Random XI,India,Hardik Pandya,2,Run Out,97,83,4,4,94.05
382,2021,India vs Random XI,India,KL Rahul,1,LBW,89,105,3,9,91.74
383,2024,India vs Random XI,India,Shubman Gill,1,Caught,63,113,2,6,66.87
384,2020,India vs Random XI,India,KL Rahul,1,Caught,23,90,7,3,30.0
385,2022,India vs Random XI,India,Virat Kohli,4,Not Out,12,15,12,9,15.85
386,2025,India vs Random XI,India,Shubman Gill,6,Bowled,22,16,10,1,30.0
387,2020,India vs Random XI,India,Rohit Sharma,3,LBW,20,153,13,5,30.0
388,2023,India vs Random XI,India,Shubman Gill,2,Stumped,57,48,14,8,32.21
389,2021,India vs Random XI,India,Hardik Pandya,2,Stumped,54,138,8,0,35.5
390,2023,India vs Random XI,India,KL Rahul,7,LBW,89,95,1,2,95.38
391,2021,India vs Random XI,India,Virat Kohli,4,Run Out,20,16,2,5,30.0
392,2025,India vs Random XI,India,Shreyas Iyer,6,Stumped,112,98,12,6,114.29
393,2024,India vs Random XI,India,Shubman Gill,1,Run Out,52,65,9,3,35.17
394,2023,India vs Random XI,India,Rishabh Pant,4,Run Out,24,20,0,10,30.0
395,2024,India vs Random XI,India,Suryakumar Yadav,3,Not Out,61,42,15,8,71.46
396,2024,India vs Random XI,India,Shubman Gill,3,Run Out,16,19,15,1,17.98
397,2026,India vs Random XI,India,Hardik Pandya,4,Caught,131,119,13,6,110.08
398,2023,India vs Random XI,India,Shubman Gill,7,LBW,14,115,15,7,19.07
399,2026,India vs Random XI,India,Hardik Pandya,6,Run Out,51,137,11,0,41.43
20,2025,India vs Random XI,India,Hardik Pandya,3,Stumped,21,133,4,7,30.0
401,2026,India vs Random XI,India,Shreyas Iyer,2,Bowled,73,77,6,0,77.6
402,2024,India vs Random XI,India,Rishabh Pant,1,LBW,65,64,0,1,64.37
403,2026,India vs Random XI,India,Virat Kohli,4,LBW,17,127,6,3,10.22
404,2025,India vs Random XI,India,Rohit Sharma,4,Caught,63,63,4,0,65.29
405,2026,India vs Random XI,India,Rohit Sharma,3,Bowled,132,99,15,0,133.33
406,2023,India vs Random XI,India,Hardik Pandya,6,Not Out,55,41,4,3,43.5
407,2023,India vs Random XI,India,Shreyas Iyer,3,Caught,70,68,12,5,71.34
408,2020,India vs Random XI,India,Shreyas Iyer,7,Stumped,100,97,6,1,92.76
409,2025,India vs Random XI,India,Suryakumar Yadav,7,Stumped,0,103,5,5,0.0
410,2021,India vs Random XI,India,Shubman Gill,6,Stumped,146,136,13,3,107.35
411,2021,India vs Random XI,India,Rohit Sharma,2,Caught,12,119,15,1,14.06
412,2025,India vs Random XI,India,Rohit Sharma,6,Bowled,21,20,0,3,30.0
413,2026,India vs Random XI,India,Rishabh Pant,2,Run Out,57,112,15,1,39.98
414,2023,India vs Random XI,India,Shubman Gill,6,Caught,2,96,10,4,19.76
415,2024,India vs Random XI,India,Rishabh Pant,6,Run Out,110,155,14,3,70.97
416,2020,India vs Random XI,India,Shreyas Iyer,1,Not Out,132,102,2,1,129.41
417,2023,India vs Random XI,India,Shreyas Iyer,6,Caught,51,54,13,6,48.15
418,2021,India vs Random XI,India,Hardik Pandya,1,LBW,54,64,15,1,42.72
419,2026,India vs Random XI,India,Rishabh Pant,7,Bowled,136,97,9,4,140.21
420,2023,India vs Random XI,India,Rishabh Pant,5,Run Out,87,83,2,9,90.71
421,2026,India vs Random XI,India,Shreyas Iyer,3,Not Out,21,103,0,1,30.0
422,2021,India vs Random XI,India,Rishabh Pant,2,Not Out,60,55,4,1,76.17
423,2020,India vs Random XI,India,Rishabh Pant,4,LBW,81,74,14,9,92.5
424,2021,India vs Random XI,India,Virat Kohli,5,Stumped,18,18,8,5,17.39
425,2020,India vs Random XI,India,Rohit Sharma,4,Bowled,6,3,4,5,10.14
426,2026,India vs Random XI,India,Suryakumar Yadav,1,Not Out,1,157,4,3,19.54
427,2024,India vs Random XI,India,Shreyas Iyer,3,Caught,123,155,13,5,79.35
428,2020,India vs Random XI,India,KL Rahul,3,Not Out,33,33,11,2,30.0
429,2022,India vs Random XI,India,Shreyas Iyer,6,Run Out,112,150,15,3,74.67
430,2022,India vs Random XI,India,KL Rahul,6,Not Out,21,16,4,9,30.0
431,2023,India vs Random XI,India,Virat Kohli,5,Caught,108,139,7,6,77.7
432,2025,India vs Random XI,India,Virat Kohli,2,Run Out,51,43,3,7,37.58
433,2026,India vs Random XI,India,Shreyas Iyer,2,Not Out,34,36,8,2,30.0
434,2022,India vs Random XI,India,Hardik Pandya,6,Not Out,2,10,0,9,18.43
435,2022,India vs Random XI,India,KL Rahul,5,Stumped,127,88,4,10,144.32
436,2026,India vs Random XI,India,Rohit Sharma,1,Run Out,32,24,4,6,30.0
437,2024,India vs Random XI,India,Hardik Pandya,7,LBW,43,45,12,0,47.79
438,2021,India vs Random XI,India,Suryakumar Yadav,6,LBW,43,66,7,6,37.51
439,2022,India vs Random XI,India,Rohit Sharma,2,Caught,47,69,11,7,33.29
440,2021,India vs Random XI,India,Rishabh Pant,5,LBW,49,97,15,8,39.65
441,2022,India vs Random XI,India,Shubman Gill,3,Not Out,49,52,13,2,37.53
442,2021,India vs Random XI,India,Shubman Gill,7,Run Out,140,152,10,5,92.11
443,2025,India vs Random XI,India,Shreyas Iyer,7,Run Out,50,55,10,4,34.19
444,2024,India vs Random XI,India,Shreyas Iyer,5,Bowled,48,66,3,2,41.48
445,2025,India vs Random XI,India,Virat Kohli,3,LBW,134,158,8,9,84.81
446,2022,India vs Random XI,India,Rishabh Pant,7,Caught,73,125,5,9,67.84
447,2020,India vs Random XI,India,Rohit Sharma,2,Stumped,28,40,7,2,30.0
448,2022,India vs Random XI,India,Shubman Gill,7,Stumped,33,40,4,4,30.0
